isbn,title,status
9789681632540,"Los Origenes de La Civilizacion Maya",
9780140328721,"Fantastic Mr. Fox",
9780060833398,"El Pergamino de la Seduccion",
9780571205165,"When We Were Orphans",
9781439102817,"Still Alice",
9780060833763,"Not found: 9780060833763",
9781844088300,"Circling the Sun",
9781171215165,"Not found: 9781171215165",
9780571201235,"Not found: 9780571201235",
9781949847413,"Izapa Group B : Papers of the New World Archaeological Foundation, Number 83",
9781951484194,"El desafío de los tiempos modernos",
9786079514204,"Palenque Visto Como Nunca Antes Palenque As Never Seen Before",
9786079297725,"Not found: 9786079297725",
9786079297824,"Not found: 9786079297824",
9780060758929,"Don't Get Scrooged",
9786070066306,"Not found: 9786070066306",
9789874290557,"Not found: 9789874290557",
9789681667924,"La Tierra En Chiapas (Antropologia)",
9789681644949,"Historiadores de México en el siglo XX",
9788487682568,"Not found: 9788487682568",
9788799809608,"Not found: 9788799809608",
9789681654634,"Bisa Bea, Bisa Bel",
9780292781535,"The Second Conquest of Latin America",
9789684133372,"Chiapas: El evangelio de los pobres ",
9780292751934,"Color and cognition in Mesoamerica",
9786072916777,"Not found: 9786072916777",
9789682318139,"Autonomía y nuevos sujetos sociales en el desarrollo rural",
9781603845953,"Selected essays",
9786079801717,"Not found: 9786079801717",
9786079668600,"Not found: 9786079668600",
9789684064386,Marcos,
9780938317456,"The Story of Colors/La Historia de Los Colores",
9780374265267,"Agatha of Little Neon",
9786078675784,"Not found: 9786078675784",
9786070299742,"Chiapas mexicana",
9786079297947,"Not found: 9786079297947",
9786075399010,"Not found: 9786075399010",
9798865525103,"Not found: 9798865525103",
9786079316228,"Not found: 9786079316228",
9780674278332,"In the Shadow of Quetzalcoatl",
9789684098091,"Yo acuso!",
9783458326762,"Not found: 9783458326762",
9780553347463,MEXICO,
9786072916760,"Not found: 9786072916760",
9788430593897,"10 Medidas Para Aislar Su Casa Del Frío, La Humedad Y El Ruido",
9780937794456,"Indian Uses of Desert Plants",
9780806134451,"Tatiana Proskouriakoff",
9789706840646,Chiapas,
9789701823040,"Not found: 9789701823040",
9780292751972,"Cycles of the Sun, Mysteries of the Moon",
9780292745261,"Journey of a Tzotzil-Maya Woman of Chiapas, Mexico",
9786071650795,"Not found: 9786071650795",
9786075956213,"Not found: 9786075956213",
9780821217979,Mexico,
9780826337252,"The sorrow of archaeology",
9788489518933,"La Arquitectura Mudejar En Avila",
9780292720916,"A field guide to the birds of Mexico and adjacent areas",
9780440415312,"La lagartija y el sol/ The Lizard and the Sun",
9780806143415,"Politics of the Maya Court: Hierarchy and Change in the Late Classic Period (Latin American and Caribbean Arts and Culture)",
9789701885178,"Colores, olores y sabores festivos de Juchitán, Oaxaca",
9789707643208,Terán,
9789992256282,"Not found: 9789992256282",
9789683690890,"Las etnias del Estado de Chiapas",
9789706900432,"Como Afrontar La Infertilidad?",
9780226065847,"The craft of research",
9780500051108,"Reading the Maya glyphs",
9780300174380,"Dancing Into Dreams Maya Vase Painting Of The Ik Kingdom",
9788799336555,"Not found: 9788799336555",
9781530584918,"Not found: 9781530584918",
9781539657040,"Not found: 9781539657040",
9786075611655,"Not found: 9786075611655",
9786078675180,"Not found: 9786078675180",
9789700766331,"Not found: 9789700766331",
9789682902611,"Tortuga de Mar (Sea Turtle)",
9788490008331,"Not found: 9788490008331",
9788400111731,"Not found: 9788400111731",
9788876418419,"Perdas de fogu",
9789683628473,"Not found: 9789683628473",
9781572246959,"Buddha's brain",
9789706830777,"Artes de Mexico # 67. Dia de muertos II. Risa y calavera / Day of the Dead II. Skulls and Laughter (Artes De Mexico/Mexican Arts)",
9789703207152,"Creatividad Invisible : Mujeres Y Arte Popular En America Latina Y El Caribe / Invisible Creativity : Women & Popular Art In Latin America & the Caribbean",
9780486480268,"The Day Of The Dead A Pictorial Archive Of Dia De Los Muertos",
9789706972262,"Not found: 9789706972262",
9786073172653,"Amor... ¿o Codependencia? / Love... or Codependency?",
9788417851521,"El tarot de las Musas",
9788415292760,"Amor y Luz",
9788865272008,"Not found: 9788865272008",
9788417851002,"Baraja española superfácil",
9781644117316,"Oráculo Alquímico Del Agua",
9786070735059,"Not found: 9786070735059",
